rev, main_files, main_loc, test_files, test_loc
rev_1, 737, 51174,  58, 4959
rev_2, 737, 51174,  58, 4959
rev_3, 737, 51174,  58, 4959
rev_4, 737, 51174,  58, 4959
rev_5, 737, 51199,  58, 4962
rev_6, 737, 51166,  58, 4959
rev_7, 737, 51166,  58, 4959
rev_8, 737, 51170,  58, 4959
rev_9, 737, 51170,  58, 4959
rev_10, 737, 51195,  58, 4962
rev_11, 737, 51210,  58, 4962
rev_12, 738, 51241,  58, 4962
rev_13, 738, 51250,  58, 4962
rev_14, 738, 51250,  58, 4962
rev_15, 738, 51267,  58, 4962
rev_16, 738, 51268,  58, 4962
rev_17, 738, 51414,  58, 4962
rev_18, 738, 51406,  58, 4962
rev_19, 739, 51412,  58, 4962
rev_20, 739, 51409,  58, 4962
rev_21, 739, 51411,  58, 4962
rev_22, 739, 51411,  58, 4962
rev_23, 739, 51411,  58, 4962
rev_24, 739, 51411,  58, 4962
rev_25, 739, 51420,  58, 4962
rev_26, 739, 51415,  58, 4962
rev_27, 739, 51417,  58, 4962
rev_28, 739, 51429,  58, 4963
rev_29, 728, 50509,  58, 4984
rev_30, 739, 51437,  58, 4963
rev_31, 739, 51429,  58, 4963
rev_32, 739, 51437,  58, 4963
rev_33, 739, 51437,  58, 4963
rev_34, 739, 51437,  58, 4963
rev_35, 739, 51437,  58, 4963
rev_36, 739, 51437,  58, 4963
rev_37, 739, 51437,  58, 4963
rev_38, 739, 51437,  58, 4963
rev_39, 739, 51437,  58, 4963
rev_40, 739, 51437,  58, 4963
rev_41, 739, 51437,  58, 4963
rev_42, 739, 51437,  58, 4963
rev_43, 739, 51437,  58, 4963
rev_44, 739, 51437,  58, 4963
rev_45, 739, 51437,  58, 4963
rev_46, 739, 51437,  58, 4963
rev_47, 739, 51437,  58, 4963
rev_48, 739, 51437,  58, 4963
rev_49, 739, 51437,  58, 4963
rev_50, 739, 51437,  58, 4963
